reviewId,app_name,score,content,category,notes
e9f70b3e-0030-4b89-bf93-c38f87bab40e,Monarch Money,5,Great and easy to follow/ read,,
cb67cd12-a748-45c1-9588-9c9cb9b5b082,YNAB,3,"app is so so complicated to set up. I wanted it to pull transactions from my bank and then ask me how I want to categorize them and then learn from my choices.I want to get to 10 break down my spending so I could see where the money is going. I wanted to be able to enter cash loans and track repayments. I feel like this is all possible but it is beyond me **EDIT** after reading other reviews, I see there's a steep learning curve. i will try again another time",,
4b2455db-8dc6-402b-b116-499c14f0f325,Credit Karma,1,my account has been removed but can't make another one or anything,,
6b3c3a42-472f-4542-95c6-2eb204c15da5,Rocket Money,3,After almost 2 months still don't have my bank included ...I don't need to know what I'm spending on Paypal... Do need to cancel a subscription attached to my checking account so cancelled before getting charged again,,
996a5c09-be65-43a2-9d9f-691ee8243609,Rocket Money,4,"Pretty good app for budgeting and showing your subscription. The only problem is that it's not 100% accurate with investment/savings because it says that I have less than $100, but I have over $100 and when your budgeting, I don't like how it rounds up, like $19.89 would be $20.00, I like being more accurate with my money. is this easy to understand?",,
629032fa-30f7-437a-a928-4ce3c3e42c57,Credit Karma,3,I really wish Credit Karma supports Plaid.,,
44d7ca51-02ac-4228-bb07-6f8a1dc4d9f4,Rocket Money,3,Pretty frustrating to not have widget,,
77bf539f-954f-4d8d-9406-2d4ec1f8518a,Monarch Money,5,works really well easy to use,,
8d39e648-45b7-4887-aeed-3137df4b3a88,Rocket Money,4,"Once I start quaking and have an income coming in, I can do more with this app. I will update then. -2/6/2024",,
16a2e175-8907-4f27-87ca-8495d60d3ee0,Monarch Money,1,cancle my subscription months ago but they still renewed it without my permission and no refund option.,,
926a9859-59f6-4e87-bbba-c32b5a9841f8,Monarch Money,1,"doesn't integrate well with all banks, if you stop using it and forget it auto renews costing money.",,
48fca7b4-4bd5-44ae-9e16-8bc16ed515d0,YNAB,2,"Used to be a 5 star review. They keep changing the app and making it worse to use, such as adding an unnecessary forced home tab (I shouldn't need ""only one tap"" to get to the budget part of my budget app!). Maybe the company got bought by someone? That's usually when this many terrible changes happen. Or a new officer has an ego? I've been a user for 8.5 years but am looking at other options. I don't want to get used to this bad format, please go back to how it was. Simple, Clean, Useful.",,
72c843ec-70ef-465e-b056-42912d0fab2f,Rocket Money,4,I like it it's better than I thought it would be.,,
7906aa51-c3e0-4268-81aa-f07d38d6266f,Credit Karma,2,"error message ""cannot reach credit karma at this time""",,
951f4dec-e108-40c5-b404-0bf0c8e6fcc2,YNAB,4,"Finally! They fixed the app for credit card use. Can't select ""ready to assign"" category for adjustments, as it should be. It didn't actually move the $$. I Love YNAB. A lot. And now I love the app again. I only use credit cards for expenses and purchases because it's safer. Balanace gets paid every month, no problem. I really appreciate that YNAB worked out how to use a credit card. Just don't ever use, or try to use the ""ready to assign"" category. It will rip a hole in time and space.",,
7cdb8c6a-f2ff-4be2-822f-ffcdb25d3221,Rocket Money,2,It asks for personal information such as bank account and credit card info and I'm not comfortable with releasing that info,,
6f21018d-cb64-49ad-bbf6-331c7db2265e,Monarch Money,5,"By far the best budgeting app I've used. So easy to set up, and I can also catogoize everything and also create rules for automation. Investment tracking is just so so.",,
34672252-6010-4706-af3e-bb59a0791fc9,Monarch Money,5,like mint but better. worth the $100 if you like tracking your finances,,
b1fb524e-334d-4a16-9ebd-cb14fa712035,Credit Karma,5,good to check credit 👌,,
51220f67-c68e-46e7-80c5-b9f5e23d40e5,Credit Karma,2,I'm trying to look at my account and it will not send me a code,,
a1117e48-3e44-408b-9e99-3e9071fae035,Monarch Money,4,"very good! My only complaint is that they didn't have a customer service line to call. It's very frustrating to me. Other than that, it's super helpful",,
3b8c50d0-f4f8-490e-8b46-86533c28675f,Monarch Money,3,"It's an amazing app, but every day it disconnects my main bank and credit card and won't just reconnect without me completely removing and adding them back in. Which of course means I have to redo all transactions again... Please make the reconnect button work, then it would be perfect!",,
53ae8aee-8e80-4af9-ad85-ac220923384e,Rocket Money,3,HA ve; NOT been Us:ed enough to: NO:T;IcE changesg but sure will be handy in the very near future thank Fracis co,,
e074e37d-f32b-47c1-a53a-db6fb69bca83,Monarch Money,2,"No free version. Instant uninstall. In a world that only exists to squeeze every cent out of you as possible, I'm not shelling out yet ANOTHER subscription when I can find a dozen apps that do exactly what this app says. Especially for BUDGETING. Gross.",,
f9e48573-e471-4efd-944a-3d4b60bba02f,Monarch Money,5,Monarch gives me an excellent overview of my financial status.,,
728d7436-8755-44b1-bced-309398a84955,Monarch Money,5,Easy to use. Keeps you on track.,,
61a6cf17-cc83-4696-a17c-e94690522904,YNAB,2,Like the app but it desperately needs a revamp of mobile reports.,,
fe6bcc51-6948-4b7d-9437-4d65701899e1,Monarch Money,4,great way to track your cash flow with minimal effort.,,
8e214be9-edff-4afd-9276-c203ceb192a1,Monarch Money,1,imagine paying monry to have an app tell you how much money you have,,
b80f043a-6a6a-4aad-9e76-3411cf0bd95e,Rocket Money,4,"Update: The issue has been resolved! Original review: Used to work fine, but I can no longer log in. I was kicked out of my account due to ""inactivity"", and when I try to log back in, it won't let me log in. It opens up a pop-up to login, I enter my credentials, then it redirects me to a ""contact us"" page without signing me into the app.",,
f08c9c56-25bd-4960-adbc-6376b48dbbcc,Credit Karma,2,Constantly intruding when turning on phone and thru use time.,,
4b13e34d-7cfe-471a-a302-eba184c35d62,Credit Karma,5,good for looking at your credit with no hits to it,,
deb07efe-c544-435c-a201-a16fa3e22013,YNAB,4,"It is a little intense. Persevere through it and a healthy future awaits. It is easier if you single doing one budget for yourself. You have to think a lot harder if it is a household budget you plan to share with a partner. It forces you to think where your money is going. As for the app. The team has worked really hard to make the app as easy as possible. The support staff is very helpful to walk you through your problems. A+ support, not just app but also web. We have had multiple sessions.",,
4e5089c2-f1ff-4e54-b67e-96225422b501,Rocket Money,1,terrible to navigate the website,,
e745e6ea-26da-4511-b9a3-09164bcad705,Monarch Money,1,it would be great if it would give you pricing options before requiring you to sign up. how does that make sense?,,
6809525a-c36a-4d47-9286-8b9d4abebeab,Credit Karma,3,"not as good as Mint, hopefully they integrate the format more fully!",,
89a4c869-b3af-41ee-84b5-f05a7baea9bb,Monarch Money,3,User support is subpar.,,
3abfe3bc-84f5-47cb-bf8b-4089fff5aedd,Credit Karma,1,"Can't access outside US despite the fact that they advertise no international ATM fees. I opened a credit karma account simply so I could use the debit card to withdraw money outside the US. Furthermore, you can't even log into your account to transfer money back to a real bank! Misleading marketing and very disappointed to discover this while I was traveling. Stick with a real bank, at least you can access that abroad. Credit karma is amateurish operation.",,
e343b3a7-0752-4f89-a853-5062901a3dfe,Credit Karma,1,Updates to ToS auto-opts-in existing members to invasive advertising BS and sharing data. Deleting my account and u installing the app.,,
211cb8d9-85bb-4539-ae0c-a006110663e6,Rocket Money,1,I'm going to contact legal I removed a smart goal and the money I had went missing,,
08835cf4-604a-4976-b32b-dca2d1bbc1f7,Credit Karma,3,I have a hard time getting into the app. I had numbers to put in but it doesn't come up anymore,,
2d1e9d3e-e84d-464e-aca9-88aed7afc52a,Monarch Money,4,"it's a very good app. not without fault, but it's useful and not full of ads trying to sell you garbage",,
b10a0985-91a1-470a-9279-2ff03cbe6489,YNAB,5,I've been using this App for years. It's the best decision I ever made.,,
83f8eff3-daf3-4d1b-a020-4c92bf9ea6f8,Credit Karma,4,I ve been satisfied with answers to what I ve been interested in,,
3cef51d0-fbed-43e9-a65d-0ca054a90b04,Rocket Money,1,"TRASH. ITS A SCAM. Is pretty i helpful until you don't log in every single day. You have to put your banking information here. You have to put your credit card information here. It sees all your private information and transactions, but then it deletes your account and can't find it anymore? If you're looking for a financial overview app. This is not the one. Keep your information safe and secure, and go elsewhere with your business. This app is a scam.",,
373a26cc-2fb2-4d77-b87f-95b2c8605e79,Rocket Money,1,"Fraudulent charges- stay away. I signed up for a free tier with limited features. It said that there were paid tiers, but I was not interested in that and never agreed to join them. During the sign up period, there was never any indication that I would automatically be switched over without my knowledge or consent to a paid account 7 days later. Out of nowhere, I was charged fraudulently by Rocket Money and subsequently deleted my account and app. Dishonest company- stay away.",,
bfe78b11-1ebb-4594-b77f-cbca4e47c624,Credit Karma,1,Bring back mint. This app makes it difficult to do anything.,,
76cd0219-cfbd-4aa0-abd7-5c1b4f9afe91,Monarch Money,4,I'm still getting the hang of it but it seems more of a way to track than to actually budget.,,
8ef575d5-0856-4021-9798-df7fbe381c03,Rocket Money,1,cannot get out of verification after the mobile code. It is useless until that is fixed.,,
b20da39f-5b99-4acf-a36e-9b40143028b3,YNAB,3,does the job but the sync is terrible.,,
89b8d2a8-b4ef-4b9d-8597-2c84b8c5da29,Credit Karma,1,Their advertising always shows up on my other apps. They auto open a website or the app when you try to close the advertising. They use an advertisement company that doesn't allow you to stop seeing their advertising. The credit information is wrong and of my other apps this one is the LAST to update your information. By the time it's updated here I've already been notified elsewhere.... Worthless app with troll advertising.,,
7fd84247-0f38-4f89-8ad5-e97c995f221a,Credit Karma,5,It's magically delicious!!,,
4a6b8871-fd47-4b7b-aef8-ff1f74461570,Credit Karma,2,"major accuracy issues. uses two different credit companies that do not get looked at by any lenders. I had a decrease in my transunion and equifax for the same reason i had a big jump in my FICO. this app is good for people with little credit history to help find something that can get them moving forward. once you have something that reports FICO, this service is completely useless.",,
11a265a0-a913-4a01-b7dc-897617be7869,Credit Karma,1,it haven't been showing My score,,
9c6183b6-3dc0-4b36-8273-09a18dd57dd2,YNAB,4,Not a fan of the new transaction entry. Overly large fields don't match the look of other screens. And have to scroll down to see what's there.,,
6d626042-ec3c-477b-bc2e-e4457168de59,Rocket Money,5,this is fun,,
cd5b939b-aa23-47ae-9ff4-a0c26d18e5f5,Credit Karma,1,"I have no clue as to what some of these are , but I can tell you now I do not like it",,
a83a974d-bd0a-41d3-bce1-c9a174108ff1,Monarch Money,4,"I've been using Monarch for a little over two weeks now, and I'm impressed with how easy it is to track and budget my finances across multiple bank accounts. I've tried several budgeting apps, but this one really stands out. That said, given the mixed reviews and the high subscription fee ($100), I'm still undecided on whether I'll continue with the paid plan after my two-month trial ends.",,
482d1b4d-05bf-42df-a49d-e4f024bfc237,YNAB,2,1) it's expensive. over $20cad a month for people trying to budget is ridiculous. 2) it doesn't link properly with CIBC. this is a known issue and makes it not user friendly. 3) if you post payments for the previous month it counts that money as being spent in the current month. 4) it doesn't roll over overspending to the next month which would be very useful for seeing which categories need more attention. it's okay and kind of useful but not worth the money in my opinion.,,
657a6e38-30a4-4b62-994e-2e9b00cdfc72,Credit Karma,3,"I've been using the driving monitoring thing since December. I keep a high score, no less than 86. I finally went to use the discount for geico and not only was the monthly payment double what they estimated, they didn't offer the 16% discount. Surprise surprise.",,
23b78dff-dbb9-461f-9844-8bd8ed5f09ee,Credit Karma,5,I really like this app it's a great app to have,,
4fd5f7f1-b7eb-43d6-b134-50e2c458c096,Rocket Money,3,It was a great app until it disconnected from my bank and won't connect again if anyone know what to be please help I delete and re-download is already,,
4f3c3a2a-ef73-4ec5-b815-b21a61882050,YNAB,3,"I just noticed this app has been charging me 16.04 for the last few years. I'm very confused as to whats been happening, because I do not remember signing up for or assigning any form of payment or withdrawal. Can someone shed some light on this? Have I been charged for a service or is my digital money floating in the abyss somewhere?",,
bc49ec2a-e195-4bb1-8d63-cddbb73ab73f,Credit Karma,2,I want my privacy and I don't like my information tracked,,
8f540ba5-6841-46e0-8557-1c382e79c74c,YNAB,3,Not the most user friendly budgeting app. you must insert your own decimal point (small but annoying inconvenience). Rolling over money can be finicky. We have trouble with some of our cards automatically synching.,,
2e4761ec-44bc-41f4-9018-a44e976201e5,YNAB,4,"Ive been using this app and really love it I just think $15 a month is kind of steep, I think something like 8-9$ a month would be more fair for a subscription I'm planning to keep for years to come. The features and updates are great though so ill stay but let me know if there's any discounts and I'll change to 5 stars😊",,
5c4766bb-0029-46a9-8407-8c4598af3dde,Credit Karma,2,trys to sell too much stuff.,,
55dea5b5-b34b-48f9-ad2b-0ed03d9b6099,Credit Karma,1,information is not true,,
7c2a812c-cd20-42e5-972d-59ad75bb360d,YNAB,4,"This is a great app for saving money! It has helped me get my finances in order. I'm a very visual person, though. I even paid for the subscription yearly to save more money. It's been a great investment! One thing. Please add some sort of notepad (note section) or checklist for bills I need to cancel so I don't forget anymore If that feature gets added automatically, 5 stars, no question!",,
67daa441-29b7-49fa-b8b2-88783236dc19,Credit Karma,5,CK changed my life by simplifying the way I monitor and improve my credit score.,,
893f7a43-deb0-4de7-acb4-9ab166e8c5cd,Credit Karma,2,Clunky and slow to refresh data. Very disappointed. They should have integrated the annoying Credit karma adds into the mint UI instead of the other way around. Please bring back mint,,
ab041411-6bd7-4d93-b187-94df8efe950e,Monarch Money,2,this app used to be great for seeing your various accounts but lately it stopped syncing to most of my accounts and I haven't been able to get them to reconnect,,
2f08385e-29d0-417c-89fc-eb0f56aba109,YNAB,5,Love this app so much! Srsly changed everything for me,,
48b47e5b-746c-41b7-a99b-9b5077367336,Credit Karma,5,Very reliable 😁🥰,,
82d2e2b3-6d61-4cf2-852c-3bef4b0e0109,Credit Karma,5,I think they need to update the credit system imo,,
736382dc-02af-4aaf-970e-3bee19b0c2b8,Monarch Money,3,would prefer one with a website that actually worked on any phone and not have to make me download an app,,
a0ec6aa7-b440-4bab-8989-95432ae5f3c2,Rocket Money,5,very helpful when balancing your finances,,
e4e339fd-d559-4ac9-9c01-863a2eb1b2e8,Monarch Money,3,I would sign up if we didn't have to put our payment info in. They say they will email a reminder to let us know that the free trial will be over. But why couldn't they email us at that time that if we want to continue that we will need to put in the payment option if we want to.,,
ad43884a-457c-41ba-9b4f-e306860104a7,Monarch Money,1,"doesn't allow me to use it for free, mint was better.",,
6e33a7bd-645f-4e1b-9417-b46659962ffb,Rocket Money,5,I have only been using this for a week but it has lots of great features. I am working on fine tuning and understanding the budget tool. I love the tracking features and graphs as well as the net wealth calculator. I haven't had any features that don't work the way they are described,,
d8a5e9c0-6acb-4789-85bc-146cab304565,YNAB,1,No budget app on the planet is worth a recurring annual cost of $100.,,
b003d1e6-bb2a-44e0-9692-21fb0fb55b27,Monarch Money,3,"The structure of goals and lack of transaction reporting at institutions like Fidelity makes this service a nonstarter. It has a pretty UI, but beyond that it's seriously lacking in ability compared to its competitors.",,
715ced1e-0abe-4c44-b8be-8e3b41c30dab,YNAB,2,"Great app and service, but insanely greedy and unfair pricing. Avoid!",,
d21b77b7-2116-40b8-bba7-edfaaf0f567a,Rocket Money,2,"Rocket Money does have some nice features. I do not recommend paying for premium. Their support services are poor. Rocket Money frequently makes big changes to the interface, which then creates bugs and glitches. I currently can't manage any of my recurring subscriptions because they broke something. Their support features rely on bots. If you want to connect with a person it takes a few days. Do not give these people your money. It's a waste. They broke their UI and left us to deal with it.",,
0d3e8125-fd67-4fff-b9f0-4fc712968e7d,YNAB,4,They should stop fooling around with the UI.,,
016f2ab8-a46f-4847-b24d-da237c6be576,Monarch Money,1,"The app doesn't persist data. Whenever I update a value like a transaction amount or budget for a category, there's no save button so when I just go back to the previous page, the data I updated doesn't persist. This is frustrating and bad UX.",,
c23c0fcb-7ff6-4f8f-92ea-2693f7536beb,Rocket Money,5,very much keeping me aware of my bills and spending.,,
0593078a-cd7d-4cd6-a258-d5398f8b12fb,Credit Karma,3,"It helps monitor you regularly monitor your credit. The score estimates are usually a little high; and sometimes they email me that I have unconfirmed cards, then when I log in it says all my cards are confirmed and give me a feedback popup. overall, mildly useful but also mildly annoying.",,
a05fbbe6-3ee2-4449-8922-a92e46090d52,Monarch Money,4,Great app to keep track of finances all in one place! One of the few services worth the subscription! Only thing to improve is the constant need to manually reconnect accounts,,
6e9f92fa-1e12-4e1d-a2d1-eb694351ce30,Monarch Money,2,"It was working great for me until I added my auto loan account. Then, suddenly, I couldn't see anything. No transactions, no budget, it was extremely glitchy. Very sad this happened.",,
3de38df7-f546-4f67-9d50-2d534709ccc1,YNAB,5,"A solid budgeting app. It takes effort via YNAB's social media blogs and YouTube channel. But once you start watching and learning, the process falls into place. 6 weeks and I started actually saving. Definitely worth it!",,
29cd527a-705c-46e9-b4df-8ac8fbdfa875,YNAB,1,"Great app, super happy with the full functionality! Everything looks and works great. I'd have two suggestions, first when budgeting show how much is left if to be budgeted, you can't see it unless at the top... And second I'd agree that the native back Hutton should work for Android rather than causing the app to exit.... But that is minor. Overall super happy. Update: they continually update this app in ways that make no sense to longtime users. honestly so unhappy with recent changes.",,
3e9fee76-2a73-4f08-8fc4-734a3c8d024e,YNAB,2,"Really eager to use this app after hearing glowing reviews from lots of people, but it won't let me get the free trial, saying I have ""already utilised a free trial"" and I 100% have not ever even downloaded this app before.",,
edc63b31-99c7-4fca-bbc2-a72f7be71984,Rocket Money,1,These people are THIEVES!!! The go into your bank account and STEAL money!!! Except this time you messed with the wrong dude 🖕🖕,,
ab6fe232-7ac5-433a-81eb-47cda8d7b280,Credit Karma,5,gives me up to date credit standings and options to help build credit.,,
b7e9858c-4f73-431e-b2cc-4f0b09985a5e,Monarch Money,5,better than mint was.,,
062637ea-340c-4885-b474-70fb672254f0,Monarch Money,1,AVOID AT ALL COSTS. Accounts desync constantly. Transactions lag or dont show up at all. Interface looks good but is actually kind of trash to interact with. Dont waste your money here.,,
f210b307-7c36-473e-b185-67a73aa4ac24,Credit Karma,4,I'm learning alot,,
4b249adc-ab60-4398-8712-f9e6b23c2037,Monarch Money,2,"This was a promising Mint substitute, but I had to delete it when I found out it was transmitting transaction data to Facebook and TicTok.",,
a416dd38-31ec-42ee-89df-2eb937c4268f,Rocket Money,5,Centralized User Friendly platform that makes everything easy. Even cancels subscriptions for you! Gamechanger,,
d390ec4d-1d20-4294-8147-8cfc12b12124,YNAB,4,I am disappointed with the slow development cycle. The software is still the best in terms of stability for Zero Based Budgeters,,
296ad7e7-0d8a-4dc7-9125-49735793cef3,Credit Karma,4,"it's good, but hasn't properly updated for like the past year, it keeps saying my credit score has gone up a few points today, but it's the same number 🤔",,
4b863b11-3b6c-4786-96cb-1c75ff67058c,Monarch Money,5,"It's what Mint used to be 13 years ago, and that's awesome. Great connectivity and a clean and simple UI. extensive categorization options and tailored to your needs.",,
b72a6f8b-3945-4d58-b5c8-5e7a3c68c962,Monarch Money,2,not worth keeping. switching to origin,,
e5b266c5-015d-4d31-b502-ab33dc1be6bc,Monarch Money,2,"accounts dont update nor display the correct balances, WF, Affirm and several other accounts i have more than 50% wont update or display the correct information. hard to build a budget when ur software cant even display the correct balances in bank accounts",,
3e7c9ae4-0100-4818-aade-e4555faf1551,Monarch Money,3,Performance of the app has improved but still isn't great. My investment account balances are delayed by ~2 days even though it is refreshing more frequently than that.,,
988ed04d-712b-4295-9f67-6ab945fdd423,Monarch Money,5,Sooooo much better than Mint!,,
7fdeb41f-91ff-4658-8679-50629783bd4f,Credit Karma,3,When it shows you the collection agency or so in your debts well it's no longer showing the full amount of information like the company that sent/is with the collection agency. It's all lack of information. The app has went down hill in certain areas.,,
b8878cc0-ce85-44a6-a914-6baae26e7618,YNAB,5,"We've used YNAB for 7 years, and it has changed our lives for the better. We are much more financially fit. YNAB makes it clear to see how all your money is being used. It helps us be completely honest with our finances, and we have enough money in reserve now to cover the unexpected. We have no credit debt and have peace of mind about our financial future.",,
126f39a0-60cd-4502-b1a1-b4406b34c521,Rocket Money,5,"This has been such a delightful tool for someone like me, who can feel overwhelmed by trying to reach financial goals. It's actually fun to use and I feel so much more in control of my finances. I honestly felt pretty incompetent with budgeting, saving, seting financial goals. All of the features help me to be proactive. Great tool!",,
eaa5f07f-797f-41fb-8d77-4cc3944ef3e7,Rocket Money,1,hard to use,,
d09e55cf-b90a-45b2-9c02-89e1cbc8b849,Credit Karma,5,"Very informative people, polite, helpful",,
9d2e276c-8114-459c-ac3d-a886205a3582,Rocket Money,3,"Way overhyped. I found two subscriptions on my own via text alert and Google play that weren't detected despite all my accounts being linked. Only got me a one time $20 discount on my internet bill but keeps giving me alerts that I'm overpaying for internet and then says ""you've already negotiated a discount"". This is helpful for people who are typically very disorganized but didn't really benefit me as I pay attention to my accounts.",,
95356225-f84e-4622-b82d-7ae5288fd8ff,Rocket Money,2,"Was great until now. Signed on to check upcoming bills and keep getting notifications saying ""these features are only available to premium members"" when I AM a premium member. If I can't access what I'm paying for, then what am I paying for? A scam?",,
110ca7de-d259-4505-99c7-cd942255c977,Rocket Money,1,"After downloading, it became clear that they are ready to sell my data and ruin my experience on my own phone. I have been bombarded with ads on tumblr when I used to have none due to my usual secure actions to prevent that. I only have a few apps because of this. I'll go back to manually tracking bills. Better than having their dirty claws making a mess in my other apps, using my data against me in the most useless and annoying ways.",,
9b160b47-e9cf-40b6-8b4b-a296568a8f9f,Rocket Money,5,great easy and effective,,
c37d065e-fde6-4352-8fa7-fefa6aac9409,YNAB,1,"doesn't do anything you couldn't do with a notepad app. I was looking for an app that'll help me analyze my finances, not make me guess how much my gas will cost in 3 weeks.",,
62045625-8dd2-4d26-8c94-a1635b3cb204,Monarch Money,5,"Wonderful app! Exactly what I needed. The design is incredible. Thank you so much, creators and developers. Found one bug: Net worth chart doesn't show anything longer than 1 month. If you choose 3 months or more it just doesn't change.",,
9d4861a0-2ec1-4ff6-a5a5-2166584a2d05,Rocket Money,5,It keeps my financial situation clear and easy to understand,,
d444357f-3994-4e13-9aeb-9f974317aaf8,Monarch Money,5,love seeing all my transactions organized!! much easier than when I tried doing it myself!,,
860d71a1-d8c2-48e6-8619-4529d23d355f,YNAB,1,"15$ a month is 7% of my monthly salary, which is a lot of money, this app should be usable without paying.",,
4b4737f5-98e0-4682-aaa6-8feb9904dc50,Rocket Money,1,Wow this scams so bad there isn't even an option to create an account,,
fe0a0b63-d4b2-4e0e-9234-13ca908f84dc,Credit Karma,2,The only thing I have bad to say is that you have PerPay on the list for people to get credit card or do business with. PerPay is nothing but fowl!!! Take them off your site before you start losing customers. there are quite a few who have. I absolutely would remove PerPay from my web site. they are noooo good!!! read the feed back and you will see. remove hem and many will give you 4 or 5 stars. Just sayin.,,
1a82a8c4-ba83-4e07-afdc-4bb79f68cc18,Monarch Money,3,Love Monarch but once again the app is SLOW to load properly on Android - Pixel 10 - please fix - it just sits there with spinning loading cursors,,
5ddb8202-1764-4ace-bf9c-adb40161d489,Monarch Money,1,Really awful at keeping track of actual repeated transactions. Also it has been tracking my credit card payments as income and for a while I thought I was making a lot more money from my business than I actually was....super annoying.,,
534c5fcf-7e16-4a02-a697-6a9b4cda2816,Rocket Money,5,Super easy to use and does more than I expected!,,
f5017051-18b1-442f-a99a-ac9eb14520ed,Monarch Money,5,"very easy to use, I really appreciate the detail I can add",,
949fe48c-40bb-423b-939b-980f2849b195,YNAB,3,"I used to give ynab a 5 star rating but recent updates to the UI as well as an increase in AI for chat support, etc has really changed the product and I'm looking at alternatives before my subscription is due again. The concept of budget help seems to be lower on their list of priorities than it used to be, swapped out for a new shiny interface that people hate using",,
0d64e01f-3c63-49d6-ac9a-75dcdd44a524,Rocket Money,2,"Forces you to link your checking account, which I don't do because of a higher risk of identity theft.",,
a9631e9e-3fbf-4096-be3d-3028109c6e76,Credit Karma,3,"I gave it a 3 because they do show you your fairly accurate credit scores. The 2 missing stars are because no matter what your credit score is, high or low, their sponsored offers are always much lower of a credit rating than you are at. For an example, if your credit rating puts you in a ""prime"" credit rating Credit Karma's offers will always be ""sub prime"".",,
535da7fc-9e1a-48e4-b515-3f92f86ecd82,Credit Karma,5,Helps keep you on track. Much appreciated.,,
6d3394a9-0a8f-4fa2-aa8c-35bd4692e8c9,Credit Karma,4,"Haven't had my scores updated since September. I've deleted the app, cleared cache, restarted my phone and nothing. Don't know if anyone else is having this problem but it's annoying *update* everything's been working for now and I'm able to see updated scores",,
f4805298-8d2b-4a1c-982c-6fc89066210f,YNAB,3,Not your typical budgeting app. Expect to spend some time on it before you understand the process. It is one of the more expensive apps out there for budgeting. I have been on it for 6 months and will not be renewing.,,
c4d6b0f8-e8ea-4919-a85d-6601096b0d50,Credit Karma,1,One star for predatory practices by Intuit for making it seem like you have to sign up for Credit Karma to get your tax return.,,
9c83b2e8-9de6-4e9d-ae74-c2f081e8f891,Rocket Money,5,Great so far.,,
704020d1-8c27-4d73-9880-c3e9484ab913,Rocket Money,4,I just started using the app . so far so good.,,
3e79e721-4383-432f-aef0-1327ce55119b,Rocket Money,4,"Still trying to see if is an alternative to Mint, but with the addition of costing money.",,
adea3d59-5616-4d7b-9278-7c1b55e0770f,Monarch Money,2,"I transferred over from mint a month ago and have not been able to get my fidelity accounts (cash and investment) to update. I've tried everything, forced refresh, deleting and adding them again, contacting support.... nothing has helped. My accounts are all stuck at the same balance as the day I added them. The other accounts update just fine.",,
6722576a-3156-417d-906b-064fd8ba1c98,Monarch Money,2,"I don't like when I download an app, answer a bunch of questions THEN they tell me it costs money.",,
62017278-99b9-4c92-bb6a-26763205f778,Monarch Money,3,"great app, my only complaint is that the institution connections regularly break. would be 5 stars otherwise",,
afb56282-97fd-4d80-b5aa-24d1eacedd2c,YNAB,1,I want to save money not give money.,,
d17caad5-5094-409c-a0fd-0adeab271624,Monarch Money,3,Great app... but wish there was a free version.,,
7405b398-7078-4f9b-99ad-47a58ea1147c,YNAB,3,"Mint user here. Maybe this app works for others but the way it conceptualizes money just doesn't make sense to me. I guess if someone was on a super tight budget, the whole ""assigning"" money thing would be great. But I have a cushion of several thousand dollars and don't understand why I have to make sure there's ""enough"" for every little transaction. I have a weekly auto transfer to savings and had literally no idea how this app wanted me to categorize it.",,
6890456c-327c-4556-8837-bde63fcd9e98,Credit Karma,1,Horrible transition from Mint to CK. No budget functionality and the accounts dont refresh so you dont see the most up to date numbers.,,
3255ac33-4b05-442b-a577-074fa1ab9427,YNAB,1,"Been using ynab since version ynab3. Over the years it's gotten more bloated. There is now some type of home advertising page you have to click through to get to the actual app now. Considering changing budget tools in the future. Maybe I'm in the minority, but the new ""features"" they keep adding are a step back for me. Sometimes a bit more basic is better. Last, they now call it a plan instead of a budget in the app which is a bit funny since it used to be focused on you need a budget.",,
f8b75c97-07dd-438b-acd1-c21a7bab76cf,Credit Karma,5,"easy to use, useful information",,
05b627fc-2582-457a-9068-d884d30d6423,Credit Karma,4,"good app to get idea of what your score is but it typically says 30pts higher than it actually is, so I give the app 4 stars due to slight inaccuracies.",,
1808165f-ccc9-4474-9f43-dbef844d4f01,Credit Karma,2,This score is significantly lower than my FICO scores through my banks.. not completely accurate.,,
f6d7f019-858c-4bf6-90e9-f1ad855407a8,Rocket Money,3,don't understand how it works!,,
3d9e58ab-33ab-406b-b3bf-9dac3cc4327d,Monarch Money,2,"There is very little information available on how to use the application. Although there are plenty of materials describing what an ideally configured account should look like, there is a distinct lack of explanation regarding exactly how to achieve that state. Monarch’s documentation focuses primarily on describing individual features. Update. I wrote to the email you provided and still haven't received any response. Conclusion: there's no support either.",,
e4a96444-3e97-4160-b125-acc106e2b606,YNAB,4,"Great app, but pricey. If the price was more reasonable I would give it a 5 star.",,
f36f6848-4a0c-4dbc-bfda-928b6025ae71,Rocket Money,2,"Downloaded the app to help random subscriptions from taking about, still have random things taking out that aren't showing up. Kinda defeats the whole purpose especially considering you have to pay to use the app.",,
c5b3d9cb-35f4-4e85-b476-25ca5106154d,YNAB,4,"I'm still learning YNAB. If you are will to learn, make changes, and put forth the effort, them YNAB is for you. YNAB is not easy, but it does make you awere on were you are spending your money. You can't control what you don't measure. YNAB's philosophy, and software are a step forward to financial stability, and freedom.",,
e5ce7afe-2fc2-4800-ac81-49c7fb6aa06a,Monarch Money,3,"Annoyingly— 3★ because of how often the app endlessly reloads, on my home network or data— doesn't matter. I only get about 5 literal seconds of viewing ANY section before it refreshes again and diverts me back to the dashboard, & it will continue until I give up & attempt troubleshooting the issue. Totally unusable for hours, then it behaves as it should. Which, as most agree, is as great. I haven't seen others with this particular problem, but it's too pricey for how often I can't use it. :/",,
abb28802-f976-4acd-bfd2-70f46b67c426,Rocket Money,2,My account randomly disconnects from the app. And then it doesn't sync back to my account once I reenter the information. So I can't keep track of the budget for a week afterwards.,,
d04305e4-cc7f-4fcf-a355-231dbba827c9,YNAB,2,"Tried out this app for a couple of days, not really sure who it's intended for, but definitely not me. The whole assigning transactions relating to credit cards thing is way more complicated than it needs to be.",,
45c093c1-ba98-49f7-8a56-8f3699708dc1,Monarch Money,1,"Did you break something? I used to love it. Now categorization guesses for identical transactions have changed, and transactions I had manually reviewed and MARKED AS REVIEWED have been changed by the program. I had to step away from active maintenance and monitoring for a couple of months and have so far been spending HOURS trying to clean up my page to extract any useful information at all. Borderline unusable.",,
ff97ab59-4477-4ab3-9c1c-7c817c2aba86,YNAB,1,Newest update takes you to a new page instead of your budget directly. Also moves you accounts tab further down the bar putting a spending tab inbetween which i dont need. Horrid ui changes. The previous way was way more functional.,,
ca1d3e8b-3b33-430c-9255-1254a5ec4dec,Monarch Money,1,Want a refund!! I haven't been using it. I had to figure out out how to cancel because you guys never make things like that to be easy.,,
b114ce9f-f0f7-44e1-9f98-5683e24b7a5c,YNAB,3,"This app is useful for someone who needs to know exactly where every cent is going, which I do not. Additionally, it is very complicated to figure out; in fact, I had to delete it because of that. There’s no reason for it to be this difficult.",,
441d70d3-5cbd-4b8e-bfd0-b2a1ed033f37,Rocket Money,2,"it was ok until I tried to use the app. all of sudden they want to 2 factor authenticate me. Never has that happen before and they have the wrong phone number. they have my old number that I never given them. Very fishy smelling to me. And, when I tried to get on the website they blocked me and said I had to use the app ! I just paid for an upgrade too. I don't think I'm going to continue there are too many similar companies that won't give me these problems just to do business with them.",,
dd5d2646-bac5-4b58-83ce-fd57759a26b8,Credit Karma,5,love Credit Karma! it's so convenient and simple to use without affecting your credit score!,,
ca921877-c577-40d3-ba4b-550f5877d605,Rocket Money,5,seems great so far,,
264fcb5b-e8e9-45c2-8829-e1c4ba65cc15,Credit Karma,4,It's great to see the improvement in my credit scores but it could be better if my banking institution was on the list of banks.,,
c691ea2e-5e9e-4308-a6ab-4a0c733ee6d1,Monarch Money,1,"""free trial"" except it charges you just to open the app. I could not use a single feature or even SEE the app until I paid. the second you open the app, there's a paywall",,
59c57d1c-e60f-4b97-a3f9-4797d5fb2483,Monarch Money,5,Easy to use especially for zero-dollar budgeting! Excellent cost categorization and simple tools for goal setting and live expense tracking.,,
900ed49a-e835-4d03-84db-2d0296402b6c,YNAB,3,"The budgeting approach doesn't work for us at all. You can't answer the question, ""Will this spending now cause us an issue in two months?"" It's fine for people who already have a cushion, but potentially worse than useless for people trying to get out of paycheck-to-paycheck mode. Go for a balance-forecasting approach instead. Bank syncing and transactions tracking work great, transfers were hard to input correctly. Don't expect to plan for a tight financial future effectively with YNAB",,
05792553-6c27-44e1-9f9d-cb2e1bc1271a,Credit Karma,4,"I used to bring up my credit score anytime without difficulties, but lately not so much. Just thought I'd mention this issue I've had in the last few months, so, maybe you could fix this.",,
465fc37d-c7f4-448a-9669-10b5072f095b,YNAB,2,"I made an account and lasted about 15 minutes. It might just be me, but if you have a busy life, this app isn't the one. I followed the prompts and then just kind of hit an overly complicated dead end.",,
200b538a-b51d-49bb-8c96-96d33eb7b3b8,Credit Karma,5,after a year and a half I went from bad credit to a score of 740+. Get this app and your credit will skyrocket! Thanks Credit Karma!!!,,
dfd2cdb4-a1e4-41a5-aea9-b29b9e2e9577,Monarch Money,3,I like this well enough coming from mint but my Laurel Road savings account won't connect no matter what method I choose and Monarch support hasn't gotten back to me or done anything about it,,
c92bc261-fb94-4c5a-a5b2-e5f93c457ee5,Monarch Money,4,"I switched from Mint to this program and I liked it, but the program lacks a widget that can show the cache flow and data directly on the home screen without the need to enter the program. How can a free program like Mint have this feature while I do not see it here in a paid program?",,
9bf6a02b-4c6a-4cba-bdd9-89bf6ae35f9e,Monarch Money,5,Greatest finance tracking app of all time. Only issue is the recurring bills aren't showing up on my calendar but everything else is terrific.,,
0c1c976b-b4a0-4d53-88ea-403e97d195f8,Rocket Money,3,"Great idea, however, they bring you in to save money on subscriptions, but in order to save on subscriptions, you need to subscribe. Nope",,
6b0d888d-6f2d-4dfd-a302-ea4b4bd0a652,Rocket Money,2,"They actually took the last $10 I had to my name, so they certainly didn't help me financially! I can't imagine why I agreed to a subscription because the app isn't anything special. I probably thought I was doing a one-time purchase, which would be reasonable. Developers should make money. But they don't do anything worth a subscription as far as I can see. You can use their app for free but I dislike using watered-down apps. Ironically, little subscriptions add up to a real budget killer.",,
62301546-287e-42a4-a9a6-35ea148cd06e,Rocket Money,5,It's great to help me view and see where my money goes.,,
3b36fa7e-31db-48e3-afa4-e933a82726ad,YNAB,1,There is this horrible auto playing intro that you cannot skip at the beginning that has stopped me being able to use the app because it messes with my disability and is a blatant WCAG violation. I uninstalled it.,,
e75c8917-d3e7-42bf-a677-9b43f092cd71,YNAB,1,I want to get out of debt but simply can't afford this app. Having such high pricing model is so predatory when you customer base are people who are trying to get their spending under control.,,
02413595-4155-4d29-8a74-9c45b1283ef5,Rocket Money,2,how am I going to remember what I bought 2 years ago and then tell me to call support to retry answering a non existent correct answer?,,
e04a56ad-17d3-46c9-8441-8402c48825fd,Monarch Money,1,"It's a waste of money. It won't keep my bank account connected for more than a few hours and after 5 days of using it, it still hasn't synced a single transaction (even past ones). I've tried everything the AI support told me to do and after it passed me off to a human for customer support I've stopped getting responses, not that their help actually changed anything. Don't pay for this app, it's expensive, it doesn't work and their support is unhelpful.",,
b29e369a-2509-41ab-835d-cd0963bc4d3e,Rocket Money,3,"kinda bummed the UI doesn't have language options like Spanish, French Russian etc.",,
85fd21e9-91d6-45ad-b6fd-8de20ff3dfd7,Monarch Money,4,this is my first time using an app. I like it,,
6c2e7f46-28e5-484d-9f21-8e9ec2764a5f,YNAB,2,"I'm revising my review from 5 stars to 2 stars. YNAB hasn't consistently imported American Express transactions for years. YNAB support assigns blame to AmEx, Plaid, and MX, but I don't really care since I pay YNAB for a service they can't deliver. I have to manually add dozens of transactions per month. YNAB does a lot of things well, but be prepared to do a lot of work if you have any American Express accounts.",,
dd90621a-77a4-45d3-bbfb-6f47d1ee1a93,Monarch Money,4,I signed-up for a free 7-day trial through Google Pay. My credit card was charged the yearly fee on the first day. I cancelled 3 days later. The email from Google said no refund will be issued. I consider this highway robbery. Update: I received a refund from Google after an appeal. And Monarch Money responded quickly to my review. I knock-off 1 star because a 7-day trial isn't enough to be able to evaluate the app. I believe a 1-month trial would be more appropriate.,,
57fb5a87-b290-4609-ae01-8018f5814b87,Monarch Money,1,Not free required payment,,
0dcce86e-c5a7-45e9-8673-5b42f758cfcc,YNAB,2,Couldn't import my bank info,,
cf15a4c4-6005-4895-b86c-9feeaf82031a,Rocket Money,2,"It is missing about half of my expenses and at least 3 subscriptions, which makes it useless for budgets. It does, however, show the $10 monthly fee for it's self. You do the math. This may work for some people, but it's not for me.",,
84015507-ef94-4e75-9a8f-b4dae4bae2a9,YNAB,3,"Great app, way too expensive tho",,
281456a0-b7ff-4e54-af2c-6c4362d58752,YNAB,1,"Clunky interface, basic functions like adding a new category missing from app, slow to load, glitches... Disappointed when I pay about $100 a year for service. Still clunky a year later.. YNAB customer service is absent, the development team on this app work on the wrong features... Update: prices go up, bugs go up, support goes down... seriously thinking of categorizing my YNAB payment under garbage category...",,
b27eef08-77da-4327-8dde-d2876dd42fe1,Rocket Money,2,Can't connect to my bank so it isn't useful to me.,,
1354c16f-59b1-45d8-bc91-cdc8675051f5,Rocket Money,5,"Mint announced weirdly that they are going away so I started looking for alternatives. Came across rocket and can see that it is far superior at tracking your spending. Has the ability to slice and dice, and also has far superior rule setting so that all future bills show up clean and are automatically and properly categorized. With mint, the rule setting is limited and you are forced to have to manually categorize the same bills each month. It also instantly identifies your recurring bills.",,
c528da57-1d63-442c-bf74-a080be2688a5,Rocket Money,2,"Been using the app for about a year and half now and have appreciated being able to see what I'm paying for in a broken down format. However, it is currently not recording any spending for the month of June and I can't subscribe for the auto sync feature. Very odd and a little annoyed that this is happening. I even deleted and redownloaded the app to see if it fixed the problem.",,
3e350ff7-99f5-4001-8784-3253d09a856c,YNAB,1,"Is a paid app and it makes it seem like there is a free verson. Then when your done waiting your time it shows you it's a sub with ""free trial"" Over it, and all the other apps that do this. Free trial and free verson are not synonyms, stop misleading people.",,
9cf41418-89ea-4eaf-b44c-43133f620fdf,Rocket Money,4,Rocket is very helpful tracking expenses lowering bill Thank you,,
5ef1dcf5-cd6d-4272-b9f8-b6344209d984,Credit Karma,5,credit karma is great. I'm able to keep track of my score and do many other things. they have so many things available on here.,,
42ab09a2-4ba3-4d56-8e0c-d6f55ab202b7,Monarch Money,3,"the app seemed great, but it would not link to my credit card. That alone killed the functionality for me.",,
6953d803-fc8d-4644-9f33-10f686f14f08,Rocket Money,3,Just getting started. still looking at all the features.,,
cac02ce1-31ae-42a4-890f-cdb8a824ee22,YNAB,3,"Has historically been great, newest update adds unnecessary tabs that worsen the experience. The spending tab is a downgrade from ""All Accounts"" as I can't search through all tracking/hidden accounts together anymore on mobile. Home is useless, so it takes more clicks to get where I want. I don't use targets and don't need pinned categories, I also budget a month ahead through my own category so the assigned this/next month boxes are not helpful. Just don't open the app to this screen.",,
23c62825-0aac-4b38-8a63-022ee31abaaa,YNAB,5,good way to keep a track of everything!,,
17204fa5-a938-4a94-8558-8fab0cf60cec,YNAB,5,fantastic app for managing where your money is going. every dollar gets a category so you can make sure you are not overspending in areas unintentionally.,,
b8ecb283-e787-42f1-85f1-aba4f5195a07,YNAB,2,"Trying this instead of mint, some critical features missing in this beta, namely it does not auto-categorize your credit card transactions making this way too involved. Secondly, I haven't seen it show you your split of spending via said categories (e.g. $100 on groceries). Need those features to make the switch.",,
0c5fbbd7-1649-4813-8bd8-355e330679c3,Monarch Money,5,Simple and easy to use yet powerful enough to keep the family finances in order.,,
b5ff04e0-ef55-4c97-867b-ed2e03d4b388,Rocket Money,3,"I really enjoy the app, but there are some flaws. First off, I have to keep authenticating on my PC. I am trying to log in on my new phone and I'm not getting the text message, so I'm unable to log in. When i chatted support, it was the 'wrong dept'? I paid for premium and I haven't been able to use it for a week.",,
56ae1e64-4efb-4a63-a852-0ede357193e7,Monarch Money,2,"It mostly works. And that's the problem. When it doesn't, it's extremely frustrating. Account connections fail for no reason. The solution? Create a new connection and migrate the current one over, manually. Transactions fail to import sometimes. And you won't know unless you manually match the synced ones against your bank statements. The app doesn't have any way to reconcile them. The canned support bot tells you to manually add them. Why am I paying to do things myself??",,
3d08b855-528c-40bb-8370-1a6208200197,Monarch Money,1,Tried to accept the invitation but it froze. Tried to create an account to see if I could link that way but it required payment right up front. Wouldn't let me back out. Finally found a way to delete my account. What a hassle.,,
3fd03a1f-beef-4423-b6ad-c5869f117400,Monarch Money,3,"What a disappointment! $15/month or $100 per year after a 7 day trial period? I'd consider $5/month. But, at that price, no thanks. My custom spreadsheet paired with Google reminders does everything I need for FREE!",,
32d09f48-b1f7-41a1-9b38-be9d9b8c8da3,Rocket Money,1,Just keeps cycling for me to connect accounts,,
b08678ea-df45-4f51-a18a-f1af565610f8,Monarch Money,5,Monarch is awesome! It is the budgeting app that I have been waiting for. It has everything I could ask for. Also the devs will have no problem adding a feature if there is enough people asking. GREAT! Keep up the good work!,,
a6c9ca7c-89f9-469d-a0fb-d0cf73e52817,Credit Karma,5,helpful when building credit,,
f696b299-7c22-4b6b-9d26-a20bb2d648b4,Credit Karma,5,Must have in the fight to fix your credit..... Super Awesome ... worth the download.... Credit Karma help me big time! 10 stars 🌟 🤩,,
d20c0ef9-cc20-42e0-ab5a-0e842fc8f359,Rocket Money,4,good. not great,,
5c59e24e-3095-4696-99ac-418caea6060b,Monarch Money,4,Makes it so much easier to keep financial records and stick to a budget. Easily worth the cost,,
25f1aa64-36cc-4cb6-a742-6299d8c00564,YNAB,2,Should be renamed to You Need To Reactivate an Account,,
3c605b90-cad6-4c7d-9cbc-8cd6ee04873f,YNAB,1,"Fiddly, frustrating app. Set a budget with all payments dated 1st. Linked bank account. App links all money to payments already made. Can't assign as paid (maybe there is some stupidly hidden way to do it or the app glitches). Change balance for current month to get around this. Doing so changes future months. Go to future month to input payments. App assigns all money from current month to future payments and says none left for this month. Worse than using Excel or Sheets on a phone.",,
49960c25-4586-4809-abcc-ef03e4648695,Monarch Money,1,"Does not update whenever transaction occurs waited a fill day and never saw my paychecks update. Also, the app seems to not count certain transactions for certain businesses or whenever my landlord takes a check out. Don't recommend spending $100 a year on this app.",,
9801fde3-8c86-4096-b36f-f1e7425ca9db,Rocket Money,2,"what have you helped me with? I tried to use your cancel subscription options, and Rocket Money was unable to! why am I keeping your subscription, Rocket Money? you charge me $3.00 a month for what?",,
7378a91e-4519-4172-beb6-0ef46e24065e,YNAB,2,"Terrible, needlessly over complicated to the point where it is nearly unusable without hours and hours of learning. It is not intuitive at all.",,
b045f9bc-623a-4c13-ac3c-e54d065d0b56,Credit Karma,5,very easy to use and has always been beneficial,,
69cdd875-14a0-4692-8f72-200df877b7c2,Rocket Money,5,I was unable to make any transfers in my Rocket Money account because one of my bank accounts had closed. I reached out to a Rocket Money representative whose prompt assistance assured me they would not finish until the issue was resolved. I appreciate everything! Thank you 😊,,
4cc1df9a-234a-436a-bdfd-5aaa5c8677b7,Rocket Money,4,This is awesome! I don't think they have all the info but they do have a lot and are helpful!,,
536fc90d-7d41-4acc-906b-63d2ff600913,Monarch Money,1,its not free it cost money,,
9c574456-546b-41e9-bbb8-74bde2315484,YNAB,4,"If you can work within the YNAB model of rules, it's great! Definitely helped get us track more than once. There are the odd things here and there that you might wish would be allowed for more flexibility outside of their general rules and because of this you either need to work around it, or just give in. Fresh start would be nice if it made a historical snapshot, opposed to only archived copy or 'mini' fresh start. Account connection can be hit or miss, but it's getting better each day.",,
8a2a57dd-4aee-4afb-a8b2-192a7455919b,Credit Karma,2,Cannot update any information while using this app.,,
1a71ad2f-f8ff-475f-a6a7-8099540d9af4,YNAB,4,"This app has really helped me get a handle on my finances and my budget. It's very clean and straight to the point. The UI/UX took some getting used to, but it has everything you need to be successful. The subscription is well worth it I would say!",,
18733baa-35d7-43e8-850b-5bdc9b7dbc3a,Credit Karma,3,"I'm not certain if this is a result of an update or if it's an example of some sort of partnership with certain creditors but CK ap will only recommend secured credit cards for me to ""build my credit"". The two credit scores that are reported by the app are 815 and 816. What number is necessary for me to graduate to the big boy cards?",,
5f218398-3969-4a53-a693-d98e146fb8ef,Rocket Money,2,"I've had this app for about 3 weeks. There is only one app that I want to stop payment on. it's the Disney app. The Disney app never came up on the drop-down menu for apps to choose so I had to manually put it in. Today on my banking app, I can see another charged. I'm pretty upset over that especially since I'm a premium number.",,
6431254b-dc2b-41d4-bc31-cd9686e9260b,Credit Karma,4,This helps you pay more attention to your card usage. And shows you how credit really works. 30% or less of credit is your actual credit limited.,,
7630652d-3ff3-43b6-843e-41e31f415f75,Monarch Money,5,"I never write reviews. But this app simply makes me want to categorize all my transactions so I can see, beautifully, as accurate a picture of my finances as possible. it makes it fun, and that is rare. I try to tell all my friends about it.",,
e4a1aba6-34e9-4694-ada7-95cd532ba749,Monarch Money,3,Still no widget :*( One of my favorite things about Mint was the variety of widgets available for Android. I could check in on transactions very easily. This app *still* hasn't implemented anything of the sort despite being a paid platform. It's a bit disappointing for Mint crossovers.,,
205a25bb-2431-46ab-b691-413c2ce3085c,YNAB,1,"Not a viable budget app. I know we're supposed to be watching your videos to figure out your perfect system you've created but it's just too hard to get a view into our budget that doesn't give us a splitting headache. Not to mention constant inaccuracies and having to reconcile all the time. Wishing other people better luck--bye, folks!",,
191ff141-9b9c-4a10-94db-f9fd2d5f8e0e,Monarch Money,2,"Not a good enough replacement for Mint. Creating a budget is overly complicated, I'd rather just creat custom categories than have to disable a ton that I don't need. I can't budget by pay period so I end up using a spreadsheet anyway, which defeats the purpose of the app. Its even more annoying when you have to reconcile venmo transfers with your budget categories. I regret paying for the annual version even with a coupon code. Only helpful for tracking transactions, not worth the money.",,
d582b5c5-7111-4a1e-9482-59bda4941888,Credit Karma,1,"Mint alternative? Uh, no. This app is terrible to navigate. The data is buried under so many ads, the menu is not intuitive and there's now way to create your own transaction categories. I wanted the ability to see all of our family accounts in one place, keep an eye on bank balances and transactions. I had certain custom transaction categories for tax purposes, which I used as needed, but otherwise left those alone in Mint. In CreditKarma all those options are gone without a replacement.",,
a5843693-46ba-4151-90e8-dc3f5672fdc0,Credit Karma,2,I loved credit karma until they closed my checking account for reporting my card lost and stolen.,,
d15d850c-d709-41b3-a4a1-4fe9ab3372c3,Credit Karma,2,benn using credit karma and I love it,,
edd078b6-ae7e-4874-ac7f-fe88782d2e9e,Monarch Money,2,"Have tried this for about 30 days. Many transactions have two zeros added when pending. The extra zeros will remain for a day or two and then correct when pending is removed. Also several deposits have shown as expenses when pending. This makes all reports worthless when items are pending. Monarch does not automatically add accounts to an existing bank. I needed to experiment and add the bank again, then the existing account was added twice, so I needed to delete the duplicate. Mint was better",,
53aebdac-79ca-4d5f-b9e6-8064abe1410c,Monarch Money,1,Repeatedly disconnects with my bank and a credit card. Made the software useless. Uninstalled,,
d6d6dd80-f844-470e-ae52-e4267f2341b3,YNAB,1,started getting a ton of spam after installing and creating an account,,
83ad7ab1-e3c3-4240-90f0-9ce46d9f0416,Rocket Money,4,"There's one annoying issue, but overall, it's a great app. I get notifications for an uncategorized transaction, but when I open the app to categorize it, it's already categorized. It's the same transaction I have every month for my car payment.",,
f7e9d862-bd26-4afc-80f6-647a9f243b21,Monarch Money,4,"Only used it for a bit, but so far so good. Only thing is I wish it had widgets for android homescreen",,
86ae3399-a399-406e-9ef8-8bd3a1f7cd79,Credit Karma,4,Too many offers of inferior cards.,,
5aa384d9-72a8-4610-8c68-26a62022af02,Credit Karma,3,as soon as I start paying down credit you always only offer MORE credit card offers. Its kind of like you want us in debt,,
9d6f5261-7276-4cfe-a800-6bd74384a38a,Monarch Money,5,So far very helpful and easy to use. Helps make it easy to set up.,,
7e801176-f7f9-48f8-a5d5-cc3fd6512223,YNAB,5,This app is great! I've been using it now for over 5 years. It's a great way to track spending. I originally started using it to help us pay off some debts. It helped us be successful with that. Very easy to use!,,
474bfabb-1772-44b3-8536-fb3abc1e7001,YNAB,1,The app says my email is disposable. It's not. I just own my own domain name with my name. I can't use the app at all.,,
d0c03a04-7380-4dca-b4a0-cf1a609449fd,Monarch Money,3,"looks like a good app, but is NOT free. One week free trial, then $100/yr. Do you really want to type out your accounts, expenses into an app for one week to see how it works for you??",,
51f59077-9d19-414c-8b03-a5cb6db3e632,Credit Karma,2,"Good to check credit score, but that's it. I'm using the debit card feature and it's ridiculous! Declines every other purchase I try to make and because I have my phone number changed I lost access to most of it until I get an email that was supposed to arrive days ago! With all the issues, I highly doubt the credit scores are even accurate.",,
18f4ec5e-6e6f-4768-9f5c-118cc56a0aa3,YNAB,5,"This app has changed my entire life in the almost 3 years I'veused it, being used correctly with watching training videos and going to Crown Financial ministry- I have been able to save and change my entire life style with budgeting! It's worth it to pay for 1000%. It depends on YOUR discipline and will to budget. I look at it everyday, so it only works if you do. But its amazing, always accurate. I dont have any issues with the way it works. I truly love and am thankful for this service.",,
287b8328-5ea6-4547-851d-da7dfa9ecaf5,YNAB,2,"Great concept, and their YouTube channel has a lot of how-to videos, but as many others have mentioned, YNAB is having a lot of issues keeping bank accounts in sync. I canceled my subscription during the 34 day free trial but may return in the future if they get their issues ironed out.",,
5f5f1b49-591a-444d-b291-2baa36f4a08d,Monarch Money,4,solid app. a little annoying that the loan balance tracking isn't as consistent with random disconnects.,,
1c76974e-bfc1-4b23-b1de-456e81a5c4af,Rocket Money,2,Uninstalled app got nervous about information requested,,
0aa02755-078c-4d35-a598-7150b6d768e0,Rocket Money,1,I got hacked after downloading the app,,
d7c9c3f5-eef5-48d5-90a6-af687b32409f,YNAB,2,"App seems cool, but no multi currency option. EDIT : As soon as the multi currency is available I'll definitely try again, thanks for your input",,
302e9f79-9b38-408d-92d3-f107d1fc7d00,Credit Karma,1,It won't let me in on the computer. It forces you to use the app. I hate apps. You can't see as much.,,
b017e308-9447-4505-876c-8118ec61cde7,Rocket Money,1,This ap is spam,,
7af7123f-11be-48dd-9f6d-e05869513f7b,YNAB,3,"Functionality is pretty good, integrates with financial institutions better than most. But email based MFA is a joke. At least leverage Android's passkey functionality?",,
829440e8-ec54-43b1-8fa3-da05b132cb70,Credit Karma,5,seven years later and I use this app as a financial tool to find loans,,
c70423a5-3a94-48be-9aa2-f53fa661f29b,Monarch Money,5,"It's taking some time to get it organized, but I will eventually get it dialed in.",,
51945c17-de92-4e84-a323-ccd1400a234b,YNAB,3,the new home screen is a mistake. it is overcomplicating something that doesn't need to be. I can no longer recommend this app.,,
be8d9fff-79cc-4291-9cb3-02e4f182b216,Monarch Money,4,"Great app for keeping track of your daily transactions and categorizing your expenses and know where your money is being used. As well, as some other useful features like setting up goals, budgets, even including other people like family members into your account(haven't tested it yet. I am really like it despite the high price of the membership. I am a previous user of Mint for a few years.",,
7944b983-8cd0-4e72-b506-f48d62be147b,Monarch Money,2,"I actually can't comment on the function of the app itself since it failed immediately trying to connect with Rbc app. It looks like it will work for most others, but it is unable to work with Rbc, so don't bother if that is your current bank.",,
2ed1cdaf-aa95-4fdb-9302-c1bed7c125d7,Credit Karma,4,Very helpful to me knowing my credit rating I wish the offers were a little better.But very helpful,,
5ef5f09f-97b1-4885-9e88-64aa622dfb10,Rocket Money,2,This app is trash I got to try to help me understand and handle my subscriptions and it let and 85 dollar payment go through for a service I haven't touched in at least 6 months and had no idea I was still going to be charged,,
c1aa4db6-f3bc-4fc5-b674-8e716883bfc4,Monarch Money,4,think it'll be great but still trying to figure everything out.,,
d8d4f806-3989-42a9-963a-ee2c9ee3b223,Credit Karma,3,"credit karma is great, with the exception of half-of-the-time horrible customer service. they often copy and paste fine print that I already read and understand, they should know that I'm contacting help because those fine prints left me with more questions. Also, they don't explain when they recommend credit cards, insisting me to get credit cards while also explaining hard inquiry can bring my score down is getting arms pulled from both sides. lastly they often confuse what credit cards I have",,
f36c29d0-0add-4171-8abc-05be143f998d,Credit Karma,2,Would rate higher however everytime I open the app it tells me it could not check my credit score. Which essentially renders the app completely useless.,,
a8c13987-4942-442d-8c2e-b201ef762df4,Credit Karma,2,"I enjoyed Credit Karma until I wanted a personal loan and CK showed me a few companies I had a great chance of approval, all I got was no loan and 6 months later 15 calls a day !!! update to add 4 months later , still receiving multiple calls a day, thanks CK",,
a8036ea2-98fd-4d7a-bc31-c7b9a754f58f,Rocket Money,1,They automatically set you up for premium and charge whichever account you have attached for budgeting I emailed right after they responded stating to email for a refund and still have not heard back nonetheless received the refund...,,
0e389414-a74c-46c2-ba7b-fed2ca82ef0e,Rocket Money,4,I've recovered and set username and password. Stop asking me to change.,,
2a9193cc-1982-4c5f-ba53-6db8130536b0,Monarch Money,4,"its improving and becoming worth the money. rulemaking, due dates, and recurring transactions could still use some work",,
298c8b80-340b-472b-8c11-cb820a96719c,YNAB,3,The IOS app is so much better than the android app :-(,,
d6be82be-22ec-4205-a596-ed39af643394,Credit Karma,2,"Says they don't do hard credit checks, but it does.",,
e2f18f17-22dd-4f35-a64c-770f67719cef,YNAB,2,"This is a good app... for the right person. Its works if you need a manual, proactive way to plan out your budget. The bank account import gets unsynced so you have to manually resync every couple weeks. Also multiple bank accounts and revenue streams confuse the app. You have to manually approve every expense which is time consuming. Overall some good features but you have to really dedicate yourself to this app to make it worth the price and time consuming nature.",,
0415fb22-41ef-4d83-9bcf-7be5c5eb3968,Monarch Money,5,Love the app! Best thing to organize finances,,
9259d1ec-ecb4-4044-8902-9ad2f5ad5d73,Rocket Money,1,This should be a free app to help. It shouldn't be charging you to clean up your financial hardship,,
8ba1ede8-4d2b-4a4e-ba7f-eed1ce680eef,Rocket Money,2,why am I paying money to save money?,,
b9bc2693-471c-4084-b95c-86cf04c7a4a9,Monarch Money,2,It may be a great app but I need something free,,
bed0e652-3927-419f-98dd-a2b5cf6d0a8e,YNAB,3,"Steep learning curve, I find this app hard to use.",,
d00022af-f6ac-4bcb-8294-c2b9249a65d2,Monarch Money,1,"Wasn't able to connect accounts from Fidelity, Mass Mutual, and BofA after repeated attempts. Not worth the trouble to set this up.",,
c4a106fd-4cf3-492e-90e5-6cdda99fbd3d,Credit Karma,3,I want to know why Equifax is so slow at reporting information?,,
66cad068-1338-47cd-90ef-4eaa52ada4cf,Monarch Money,1,"App states it has a 7 day free trial then the moment I tap ""Start 7 day trial"" I get an email that I've been charged for their subscription. At best a mistake at worst intentionally misleading customers.",,
22084631-ae3c-4780-afbc-6e13107f5698,Monarch Money,1,"any app that makes you create an account before explaining you have to pay to access it, is cheap.",,
9a403389-dcb0-46c9-8965-24b35eb5faf7,YNAB,5,"Best budget app, great company, worth every penny",,
907f50b5-fbd7-49a9-8607-32a8fc40d240,Credit Karma,1,"Bummer to lose Mint... so far not good with credit karma. So many ads for credit cards, the app is so busy, and worst of all, my accounts aren't updating yet there are no errors. Eek.",,
3effde7f-c5e2-4b29-bbdf-f322dd3ed5c1,Rocket Money,4,helps me track and organize my otherwise cluttered finance folder. best subscription i have,,
8179fb6d-0d24-497d-bc5d-2aa6c80cc71f,YNAB,4,"I love YNAB! While it has a learning curve, the resources available make it easy to adapt. I saved $4k in under 6 months by tracking where my money went and building a plan that works for me. I’m giving 4/5 stars because I wish transfers and deductions showed as negative red numbers in the account on mobile and web without needing the YNAB Toolkit in Chrome.",,
bf958dee-4cb8-4c7b-9862-3a96aea302a9,Credit Karma,3,It's OK 👍 👌,,
024df94b-692f-415e-bee5-348200580087,Rocket Money,3,"It's been helpful overall, but I've been waiting for them to lower my bill for MONTHS and nothing has happened. I'm really tight on money, hence why I signed up, and it hasn't helped in the one spot I needed most.",,
e48ecc98-46a9-4b22-90ad-b655e7b55f9f,Credit Karma,1,"Update (re Dev comment): We were forced from Mint by Intuit (& Mint worked fine with locks!!) Just maybe the other features are essential for many of us; reports & scores, not at all. :-( Awful! To create an account, you cannot have any active credit bureau security locks! Huh?? To only verify personal info?! Definitely do NOT trust Intuit/Credit Karma that much! Which begs the question, after that ""glitch"" (i.e., poor design) would you trust these folks with your personal & financial info?? :-(",,
7367f887-76e9-48f0-8524-944771ccdc35,Monarch Money,2,could not get my bank to connect. did all the steps.,,
3d49475b-5553-479d-a179-37d756c361cf,Credit Karma,2,"You USED TO be genuinely HELPFUL, but now you come off as merely leading people into MORE DEBT, just cleverly (actually not-so-cleverly) disguised as ""help""...",,
a0b796f6-f044-440b-9feb-59afd639c96f,YNAB,1,Way to expensive,,
d61d9eec-cfdb-4168-bc48-57129fb60ca2,YNAB,4,The service is great on desktop but I wish the mobile app lets you see your income vs expenses. Feels like the mobile app could do more.,,
c2b21315-d017-46c3-8e4d-801448bad83f,YNAB,2,not able to link to my bank account,,
4380c040-725c-45a6-93cd-691ad7887ba3,Monarch Money,4,couldn't download investments,,
e7d03da2-d868-4074-b6d9-f318112774eb,Rocket Money,2,App constantly freezes or slows down considerably. Some buttons do not work correctly to display data,,
a3e897d7-a656-463e-be41-799deba39efb,YNAB,3,"Great budgeting app, though it takes a while to learn to use. One issue though: why do we STILL not have an ""Undo"" button on mobile? Personally not a fan of the new ""blurple"" UI but I'm sure I'll get used to it. But please put your resources towards functionality vs form and get us an undo button! It would make the experience so much better. Will update my review once better functionality is present.",,
ab05e724-8bb0-435d-9eb1-30ef0bf3dc13,YNAB,3,"Has a free trial period, but doesn't seem to have a free option.",,
a8e0a57d-4d8a-4bc7-99ec-e509c773ebaa,Rocket Money,4,"Great app. Only reason I can't give 5 starts is because I can't find a particular account available, which I know they use plaid",,
a5e3f159-b363-4bab-8175-0b2e00a9a3d0,Monarch Money,5,"Tried many and this is the best, expensive though.",,
0c13e409-8e64-471e-8ac4-c510e201c448,Monarch Money,4,"Best replacement for Mint so far that connects to most Canadian institutions. Definitely a little slow to update sometimes. Manulife is showing as a valid account and it gets to the point of sending me a verification code successfully, but it has never connected successfully for setup. Wish I could add crypto quantities without using Coinbase. I just want to be able to include my holdings under my investment accounts using the values I have for each holding.",,
1e1d2c1c-cba5-49ef-9c5a-589dd72c22ce,Monarch Money,4,Great customer experience and amazing platform. 4 stars due to consistent account disconnections for multiple different accounts. Have to reconnect often which is inconvenient.,,
cb08046d-f634-4fdb-94af-b05cfea0f334,Rocket Money,2,"Having trouble canceling minecraft, they're description, isn't easy to follow",,
0af1a0c2-93b3-4d2b-92d9-4f2e34347f71,YNAB,4,easy signup looking forward to try it for 30days hope it helps with 2026.budget,,
23b3b771-4895-4e2e-8697-4467255fc563,Rocket Money,1,"Worst app ever. Can show me all my bank info, but only 1 subscribition that I am signed up for & i have at least 5 that I know of. It didn't show any of those.",,
ceea3664-ea8e-4893-9d05-626a60886b90,YNAB,5,great for keeping me on track and helping me save.,,
5735b34b-d62f-401a-8bed-a7ea54375b8e,YNAB,5,"We have used YNAB for years. It helps us get out of debt and stay out of debt. The ease of accessing data from computer to phone, data at your fingertip, is nice.",,
5701b735-403c-4a0e-b371-d3f03a8d4493,Rocket Money,3,"Changing my review from a five star to three star. I originally really love this app and it helped me keep track of my expenses and finances and come up with a really great budget. I also really love the fact that you can categorize your transactions much deeper than most other apps. My problem with this app is that when it came to bill negotiating the agent lied about my savings, and I was wrongfully charged a $45 fee, another agent said it should have been $10. I will probably be canceling.",,
9717d08c-9978-4781-9645-30e96846af8f,Rocket Money,5,"color coding, categorizing and images helps get a very clear picture of where the money is being spent!",,
20c05d31-0069-4312-bcf1-3e6c96b51819,Rocket Money,1,its a subscription to cancel subscriptions. you have to pay for the privilege of not being ripped off. No thanks.,,
33b52cce-aabb-4b15-9c21-68fa3fde4d9e,Monarch Money,4,"edit: raised rating, support issued a full refund! requires a lot of effort on your part to setup budgets, short trial that flows into subscription. will improve my rating if they cancel the transaction.",,
9223b9ff-2cdf-4e17-b028-b039442d4d57,Monarch Money,2,"This app seems good, but as Canadian, some account connection aren't working correctly like Wealthsimple connection: balance isn't correct and cash account isn't listed. If they can fix that I will definitely use it as remplacement for Mint. The app crash on Investment section on Android for me.",,
97aa1179-cf6d-4c42-8ab4-7f8bcde0d62b,Credit Karma,2,they say here to help! but if your credit isn't perfect why would anyone pay $125.00 annual fee just for a credit card! plus customer service is a machine??? thanks for the help!,,
8bf02e1e-19e9-4d8e-ab24-6a9089b0723b,Monarch Money,4,I like the app and I appreciate the calendar view of all recurring monthly expenses so I can see what comes out when. it's a little unintuitive with finding the calendar and not very obvious. I also wish I could sort by merchant name.,,
571d911c-9f8c-491f-8c67-2e93ff467054,YNAB,2,$21 per month subscription fee?! For a budgeting app?! So much for budgeting for people on a Centrelink pension 😕,,
8f791ca1-3a9d-4e65-9bb2-1f28276ac80d,Monarch Money,3,Doesn't play nice with betterment at all. It constantly misses transactions,,
3faf0255-1575-480a-98a6-050ab7110a77,Rocket Money,3,"It does the job of tracking your budget and spending, but be prepared to get junpscared when it notifies you of an ""unrecognized large transaction"" and it's just Rocket Money failing to recognize the same mortgage payment you've been making for the entire time you've been using the app for. You can probably find a better solution, and you definitely don't need the premium option.",,
ea5b172f-4148-4f56-bbfb-f5e2282e0568,Rocket Money,1,got to the part where you need your bank info to continue and uninstalled. most likely going to scam you.,,
e79fa90e-5a65-4f4c-9852-a71004979d29,Credit Karma,5,I'm glad i downloaded this app. I found out my identity was stolen. Someone had already made an account in my name using my information.,,
864cb973-af76-4050-8114-dc8723dcfc7f,Credit Karma,3,"We need more money management tools, miss Mint!!!!",,
38e785b8-a3c1-4d77-839d-d1fa4ce5cb1d,YNAB,1,"Get ready for price increases for unnecessary features which constantly drift from YNABs original principles. YNAB support replied to this and lied. They already raised prices this year, September 1st, to $109. They also backtracked and lied on discounts for previous version users. They've drifted since their founder stepped down and continue to nickle and dime users.",,
66d4f169-f247-4026-ba2a-3e2421d6377c,Credit Karma,1,Disappointed that I went and got a card that was advertised on credit karma. I actually thought the company was good or CK wouldn't allow them access to their users. I was wrong,,
0f4c53ef-a2d1-4a6d-abf6-d64d69b1d9c3,YNAB,3,"Android Love needed, I cannot sort Scheduled transactions, and given that I have transactions out to Dec 2025, I have to scroll through the list to get to current schedule transactions. Please give us a period in the calculator. Please give us an option to hid accounts, like we have with category. Mint had great phone reports, replicate those feature here. I'm Canada this app is expensive and these basic updates would make the app have better value for money.",,
0098baa3-174b-4ec1-b91a-f23b663e0986,YNAB,5,YNAB is the best thing that ever happened to my money.,,
f6ecf59c-c51d-4362-8b56-0ceee36fe332,Credit Karma,2,"I very much used to like how this app worked but since it's been purchased by Intuit, it's become pushy about other Intuit products *cough, TurboTax* and frustrating. The ads for credit karma on other apps are the most annoyingly designed ads out there (click the x 5 times, oh, was the a micrometer off? the app is opening!). The credit monitoring is useful and I had liked their savings options (though the apy has dropped considerably over the years) but it's starting to become more of a hassle.",,
9159fc65-4721-4a21-9c04-cf633a2896ca,YNAB,2,Paying 10000 Rs every year for a app which does not give full features like bank sync. Is not worth it . Instead I would suggest to try beyond budget which gives life time subscription for 1000rs. Overall the concept is good but everything this app provides is available in other alternative at much cheaper price.,,
69590e4a-d055-4bf7-9b6a-dceb846b868b,Credit Karma,4,does what it's supposed to just careful checking out features since every section you check out or start to fill out will start non stop emailing you to try it out.,,
edff3565-9df0-47ef-bfa6-f8986681d193,Monarch Money,4,"Does the job well, clean interface. Regarding the website, loved the Sankey chart in beta. That's what convinced me to pay. Much prefer paying for it than seeing ads on an app with so much of my private info. Issues: Makes mistakes in classifying categories, identifying recurring expenses automatically etc. Hoping it'll get better at those things over time",,
4c4bd67e-ef29-4b0c-9bb3-8d15258439c3,Credit Karma,2,Be careful with the companies that offer loans here they only take your information and then they tell you that your loan has been denied. when you try to reach out them they react very Taft and rude they no give any explanation! very bad experience!!!,,
7b46f175-51dd-444f-8802-6d626caa69eb,Rocket Money,1,I've tried twice to sign up for this. Most the time It tells me I don't have an account and yet I have already created one. If I do get past that it takes me to a loan application or verification that I didn't ask for and then tells me my info doesn't match their records....pretty sure I know my info,,
06036032-d2d9-457d-9f7b-f9d15cf043d0,YNAB,3,Please fix Numerical credit union. It updates once every two weeks unless I log out and login again. Also please add Nordstrom credit card. edit: I've worked with support on this and nothing has worked. also the price of this app compared to apps with the same features is challenging to justify.,,
ae97ae5c-c292-4ac4-a760-a4fbabb5cbfd,Rocket Money,5,"Really useful app, helps me track my expenditures at a glance. Easy to use, with a well designed interface.",,
d1a382c7-db24-4579-944b-ac334d52752a,Credit Karma,4,it has helped me alot with keeping track and monitoring my credit,,
be50f580-5ab4-41db-9d9d-35345d3491c8,Rocket Money,4,fast and easy-to-use,,
d78e11b8-5fb8-4163-96fd-d20ac27c82f5,YNAB,4,"Take my advice: if you're just starting out like me, don't link accounts. Do everything manually.",,
2ed38a6a-de89-477f-ac32-db7818cce82d,Credit Karma,3,what 50 bucks lol,,
17f58bca-f5e3-4c32-973d-73c816c79bb1,Rocket Money,4,very good monthly money management app for those who need one,,
d07685db-5c20-45c7-82c2-4c404aeb5c5f,Rocket Money,1,Terrible app robbed me and took 48$ for no reason off my bank account,,
be9b1dfa-1887-46bc-85f2-fb3b2abb4ae4,Monarch Money,5,"this is a phenomenal tool, outstanding! for example, have you ever needed to know the name of an in-home service source and you don't recall the account, or date, or price? Monarch will tell you.",,
900d1082-1b7a-4110-b7be-5ccda04865ce,Credit Karma,1,"Uninstalled, deleted and back accounts closed. Too many fraud ads!! I can't stand them after Intuit got involved... jump me right into my account. Trash...",,
aabad054-d5fa-40e4-af5e-003290ec2628,Rocket Money,3,"I thought it was free but they ask you to pay, they do ask what amount you think you should pay. But still, I thought it was free. I'm trying to save money and get rid of subscriptions not add another one.",,
8044d73e-2e6c-4b1e-967b-ba826bb1d2eb,Credit Karma,4,It was 5 stars when it was with intuit the whole interface was much simpler and more accurate when keeping track of certain accounts. Like it but dissatisfied in comparison to the former app.,,
d2ccfba6-4fd5-44bf-a24b-7b7dd570aca7,YNAB,1,Bought YNAB years ago but can no longer use the app unless I pay for a yearly subscription.,,
88d3e724-c085-4616-9744-9123f6086892,Rocket Money,1,doesn't support wildfire credit union. makes app useless,,
92303855-2bfd-4124-b4ac-fe604b01e695,Monarch Money,2,"cool features but fatal flaws. specifically you can't create an accurate budget in the app because it doesn't count mortgage or loan payments as an expense. like the interface better than quickbooks, but monarch isn't suitable for budgeting",,
4e5be83a-be8f-45ba-b28d-557255ecb026,Rocket Money,4,Everything is working well. Still getting things set up. Will chime back in when things are finished.,,
13c60e8e-4d1b-420b-9b4a-85e67f001ddd,YNAB,5,"Takes a couple months to get the hang of YNABing, but totally worth it. I feel more in control of my money than I ever have.",,
86888d34-b626-41db-a4b0-feb7689ea656,Monarch Money,1,"Monarch is pushing lifestyle and propaganda within their emojis by having gay, and trans flags as the default flag selection. This company clearly has an agenda now, and they are trying to influence people.",,
705b3ba2-d1db-415c-9004-751cfa43f3da,Rocket Money,3,So far so good! It's a little buggy though. Keeps crashing.,,
75305d09-f8ba-4305-83d1-0cc95e3aef36,YNAB,5,So much more data about my financial life than I had before. Makes it much easier to be intentional.,,
5367c801-e828-41e8-b26c-18e6d0da0fec,Rocket Money,3,"Needs an overhaul, I use it to budget it's easier to see subs and cancel stuff in one place but it doesn't update daily like it's supposed to. The only option I have to update it is to pay for the subscription. And it says that it's been out of sync for 25 days. App is fully up to date so I don't understand what's wrong. I even unlinked and relinked my bank account and it's not updating daily like it's supposed to.",,
1cece8cc-c40d-4190-8777-5d0b72b7b47d,Monarch Money,5,I've been really happy with this app so far. The transaction categorisation was easy to setup and helped me better understand my cashflow for making some big decisions. The Android app has pleasant UI. But isn't without issues. Some percentages have been showing values 1000x bigger than what they should. Also some screens in the app don't do a good job updating when you change a value. Despite these issues I'm giving 5/5 for functionality and ease of use.,,
bd12fa95-7eb7-43fa-a459-c2398ccabfb8,Credit Karma,3,you send me offered just to get denied. And allegedly suppose to be 100% approved. Never receive money from being denied.,,
b4193671-3b5b-466e-9374-e900a2d6b671,Rocket Money,5,super helpful in tracking where my money is going. the membership is so helpful when organizing things like business and auto expenses for tax season.,,
94b3c042-b303-4606-a5fe-97f377b5acac,Credit Karma,3,it's a nice app. my one complaint is in regards to auto Insurance offers after doing a driver review. you can't turn it off from providing more offers for auto insurance. the offers aren't always the best rate or best insurance. there's absolutely no way for me to turn it off and it's annoying,,
61f400d3-0462-4b61-b3d7-9e94f47910eb,YNAB,4,"Lowered my rating from 5 to 4 because they're hired someone who doesn't like the word ""budget,"" but it's literally the whole purpose of this app. Enough with the pointless renaming of buttons! ""Spending"" should be transactions because it also includes income. I'm not five years old.",,
ab260a2a-1357-46f2-9778-f426bb01a4f9,Monarch Money,2,"App is good, when you try to clasify transactions the rescommend catigories shift 2 seconds after opening the context menu and you end up having to re-do it because you end up clicking on it after the app moves the catigories arround.",,
6e238e47-b811-4b84-bda6-cbb5bbed4d34,YNAB,3,I liked this app and helped me a lot but why I am giving 3 star is because of the high subscription cost. Please consider reducing the cost to make it affordable for many people.,,
85d206de-7b2d-4b64-98ba-cae573ea7d6f,Monarch Money,3,"logged transactions, great, but wouldn't use my entered APRs for credit card pay down budgeting, mislabeled categories, not much automation at all. going to try another budgeting app",,
d3d4c848-55cf-4246-bf92-f6f9e1c95af9,YNAB,5,We have always appreciated the idea behind the envelope budget concept. When we reviewed all of the budget apps out there the way that people use YNAB really appealed to us. In 6 months we have gone from struggle bus to peace of mind with our finances. The app is simple to use and there are tons of tutorials for it. There is no more guess work with our budget. The only thing that the app could improve on would be faster syncing with accounts.,,
c639367c-78ab-44f4-9e7d-78ecf9ee810d,Monarch Money,3,"I just signed up for a trial and unfortunately I'm really not impressed with the app. It is painfully slow – it takes multiple seconds for taps to register. When categorizing transactions, it reloads the list every time, so you lose your spot in the list. I also expected more features for the monthly cost.",,
1e8b3494-593e-4451-bbe3-eae1929cc9d5,Monarch Money,2,"I find Monarch mostly a gimmick, implementation is weak, am I the only one that has monthly bills that vary in amount each month? probably the biggest value in this app would be it being able to categorize charges correctly, and largely it gets it right, but plenty were wrong which is sad because 1. AI 2. they have so much data to improve this process yet i still found myself having to fix dead obvious mistakes, this in itself practically ruins this app.waste of money. just use chatgpt finance.",,
4e0bdfbc-b53e-4a88-aa65-1484f9319666,Credit Karma,3,"I liked the app but I had to uninstall it. Every time an ad for CK popped up in one of my games, it would open the app. It made me concerned for the security of my info.",,
8857b121-e8c0-4be5-88e9-95149f75d759,Credit Karma,2,I want to know why one score goes up 52 point exquifax and down 21 point on transunion for the same information being reported for pay off credit cards also why we cannot talk anyone about that on the app,,
90a5c4b1-12fe-4a34-b22e-67d2b4d42c86,Rocket Money,4,learning to get rid of unnecessary apps .,,
7978b29b-9174-4dba-9fcf-597d4afe8d3d,Monarch Money,5,"I've tried several portfolio management apps. Mint used to be my favorite, before or marked with CK. This is everything that Mint was and more. I especially like that if you can't connect to a bank through Plaid, there are other options to choose from that will probably work. I use this to track all of my financial accounts (retirement included), track my budget throughout the month and compare it to previous months, track and work towards goals, and more. No complaints about the UI either 👍🏻",,
8feb6125-9e5a-4bb0-8d6d-0a8fe04d0afd,Rocket Money,1,"I have uninstalled but I'm still getting charged, how do I fix that",,
894632a3-4de9-49f9-b574-27517c2ba441,Credit Karma,1,The ID scanner is busted wont work I rate this a 1 star It won't scan my ID and my ID don't expire yet so bad app,,
ca4a0ff7-713f-4687-827e-65512cab45d4,Rocket Money,3,"AIDES fncl prosperity❗️ ● NUMEROUS HUMANS NEED THIS❗️● TRUTH: Avg. USA school FAILS to teach 'FINANCE' (past 200+ yrs)‼️ ● Undoubtedly EXPOSES the atypical, assinine backward reasoning of our nations half-witted school admin's and our U.S. Fed. Dpt. Of Edu. officials & THEN our 'compliance-forced' Educators. Teach finance from age 10‼️ ●JUST THINK 🧠: INCREASING tuitions COVERED by PARENTS saving+investing from their own childhood UNTIL pregnancy = KIDs TUITION PAID‼️ 🤛🏼BAM Thanks will do, DJ!",,
582ef753-7d0c-4324-aed6-a9d57cc9ff0b,YNAB,4,"Feel free to check my edit history of my review... I went from ""there's no way"" to ""they have great support"" to now. After using it for over a couple years now, I don't think I could live without it. There are still things I don't like, mostly when there are new changes- because I don't like change- but I know that it works and I know that I'm saving money and I know that the money I'm saving is more than the money the app costs.",,
d3262019-8766-4727-bd70-73b7c5dcccc1,Monarch Money,2,"Monarch is a great product and the company's biggest selling point was their continued investment in the product and listening to their community. Unfortunately they have recently made the decision to separate some of our long standing requests into a new, more expensive tier, essentially breaking that core value proposition. I now have no confidence that the base product will keep improving or whether good features will keep going to expensive tiers only.",,
09bb45c2-3b9c-4a8b-8e70-22532b5fb5a9,Rocket Money,2,Of course everything you think might be helpful to getting your life together costs money. I wish it would say that upfront before I jump through all the hoops to find out that I can't afford it.,,
fd9bdb31-4c14-430a-9a7d-2b3ce1af6518,YNAB,3,"YNAB was made to help people get out of debt and control their finances. As a program, it works well. However, in the pursuit of profits, they have now priced out their target audience. A someone who has been with them for 8 years, I now may have to drop them because they keep raising the price far above inflation. YNAB if you are reading this, quit making your product more expensive. Please keep it affordable.",,
6c31944c-9160-4af3-a4ee-2349904565ec,Monarch Money,3,"Too expensive and missing features for what I need. Looking for a single pane of glass for account balances and net worth, available via a widget. If they were to add that and offer just those features at a lower price point, I'd pay for that.",,
c97c2914-9e00-4bea-84f1-a61289806c1e,YNAB,1,Expensive and buggy.,,
15e1effe-0499-4131-91b2-0b6c8310e203,Rocket Money,2,"Thrives and liars. I requested RM negotiate my bill with Vzn. I rcvd a notification from Vzn saying my 25 credit request was pending and I wld be notified once appvd. I rcvd an email from RM saying they successfully negtd a $50 cr on my acct, very confused as I just received text from Vzn. I reached out to RM and they told me to wait for 2 to 3 months and reach out if the rest isn't there. RM already charged me 30% on the 50. So I paid 15 for 25. I agreed to 15% not 30%.",,
ddf980c3-510d-438c-ae2a-87d20503a261,YNAB,2,"Overly complicated, especially to deal with transfers between accounts and other non-spending activity. Of little value if you already have most of your spending concentrated with one credt card and ironically makes you manually categorize a lot of things at your credit card company will automatically do for you. I was mainly interested in understanding how I was spending my money, and using that to help me set a budget. But this actually made me do the opposite.",,
bedcd90b-cd52-4024-9680-0026701f8a3b,Rocket Money,4,been great keeping track of my money and ally investments. great app!,,
89132d7c-beb2-4b85-a842-ed4daef189b4,Rocket Money,1,I am CONFIDENT that I canceled this subscription. I haven't touched this a year? Longer?,,
3e2f9bd8-98c4-4cf6-8e20-f896e03026c4,Rocket Money,3,"Very helpful for tracking when payments hit or what they are. I have a much better time staying less stressed about money. Even saved 300 dollars by setting a budget on the app. You could pay whatever you want to use the app too. I chose more because I can, but paying nothing was an option. Thanks! Edit: After a few months, I now have to login everyday. Why? Once in a while I get. I have memory issues and have to change my password everytime. Might stop using.",,
7c622c73-0ae0-4a53-a945-2ab6aac8890b,Monarch Money,1,I'm not paying a subscription for something to help me keep track of my money that defeats the whole purpose,,
cf182bd3-a413-4483-a266-47955247c45b,Monarch Money,1,"Update:Be advised that if you travel abroad/have foreign transactions, they will appear in Monarch incorrectly. 3600 ARS is approx. $4 US dollars, but my transactions report as $3600 US dollars. There's not even a feature to manually correct individual transactions like this. The inability to correctly interpret other currencies renders this service useless for me. I contacted Monarch & was told the fix is to not link accounts with these transactions, which defeats the purpose of their service.",,
f99a167e-5b61-4467-9a2a-12d62b76e1a3,Monarch Money,2,"Major sync and reliability issues. Transactions show up 18 hours to a week late, accounts need manual reconnection every 2-3 days. Data integrity is concerning - transactions randomly delete after I've categorized them, duplicates mess up budgets. I'm spending more time fixing errors than I would maintaining Excel. At $99/year I expected reliable automation. Want this to work but Excel is genuinely more dependable right now.",,
26924181-c69b-4494-9af3-139eef9692f6,Rocket Money,5,"Love this app! It has really made budgeting and keeping track of my income and expenses a breeze. Much more affordable than the competition, too, which makes this app the obvious choice.",,
f72cbfb0-9d01-45af-ac30-a844e7448c55,Credit Karma,4,They are good about informing you of changes to your accounts,,
4d3864ee-dd1c-4019-a33f-d4d621decf75,Rocket Money,5,Very informative 😃,,
811b1ac6-5d4c-4a27-bc1c-f9032d8a979b,Credit Karma,4,The form of the emails are a little frustrating but this is a good place to start,,
0944d183-c6a0-4b57-ab46-11dbd8168c01,YNAB,4,"Generally, the YNAB app is great. But in the past year or so it feels like every update to the app has made the UI worse and my personal usage of the app more complex and annoying to the point where I am now only using it to input new cash transactions. However, I am giving 4 stars instead of 3 because the app functionality *has* increased for those who do most of their YNAB on their phones.",,
93134555-7637-4be2-ba50-66381c494f6d,Rocket Money,4,So greatful...could not cancel subscriptions. They wouldn't let me cancel going thru so much hassle. And you made it so easy. I also found one I was paying for twice. Thank you!,,
16bb28ec-2121-4da8-8ca5-322e019381aa,Monarch Money,4,"I think I've been using this for a year now. (ever since Mint shut down) Since the start of me using this, you could tell it seemed it was a work in progress but also see the intention and direction they were going for and it has all been positive. It's not perfect since there's hiccups and bugs here and there but this past year, you could see them fixing and improving (like taking people's requests and considerations) the app. I could see myself using this app for a long time.",,
6048648c-f0e7-4518-8a4d-ede8139fc7b3,YNAB,4,"The onboarding and basics are great. However, it doesn't support any of my banks(in Norway) so I can't use it. The price is also a bit high, even if it supported my banks. Update: One feature that is missing from all the apps I've tested is splitting expenses with partners.It would be great to have an option to set the split proportional to the incomes.",,
e9e7ecca-28eb-42c4-a2ee-adeb674fb51c,Credit Karma,5,great info tool and the BEST guide to increasing your credit since using this app my score has gone UP from 580 to 787 in 8 MONTHS,,
f6452158-110e-456c-817a-be44621a17c4,YNAB,5,this app helps me to better manage my money,,
586cb70e-455b-4089-9085-f0cae2051b8c,Credit Karma,1,"Credit Karma is nothing but an advertising site. They constantly try to get you to apply for credit cards, saying you have a great chance. So I succumbed to the advertisement not knowing that the inquiry would trash my score by 30 points for at least 2+ years. Now the little bit of credit I was using, no longer offers me credit. I used them for 2 + years, never ever late on payments, almost always early. Thanks Credit Karma, for assisting in taking away the little bit of credit I had.",,
865dd389-827b-4815-8aa8-f48b64ff1bd6,Monarch Money,3,"Love monarch, but did you test the new app on Android with 3 button nav? The bottom buttons are under the android nav buttons...",,
fc586682-08e7-40b2-ab97-c8f5ec7aef2e,Credit Karma,3,"It's a great app for tracking your credit score and tour money situation. However, after a while it seems to have forgotten my account exists. I'm locked out and when I click on forgot email it says I do not have an account.",,
16244bca-73fb-4d23-8447-05e614b61e97,Credit Karma,5,always user friendly,,
b9cf0a7f-d042-4cfd-ae35-48c9b3ed5561,Rocket Money,1,"This app sucks! It never reminds me of upcoming bills, and when it does somehow its always telling me about unauthorized transactions, which is 100% incorrect. Not only that, but every bill it recognizes somehow gets duplicated 2-3 times on different days. It is very frustrating and very annoying and extremely unhelpful with inaccurate financial data.",,
5cba0eac-951a-47f2-a401-da85f83df78c,Rocket Money,4,"Honestly having my finaces in one place is really helpful. Shows me all of my spending so i can see what i need to cut back on. Although i have started using my cashapp along with my bank. I mainly use my cashapp card so i can save most of the money in my bank so i cant see my spending for cashapp in the app. I would love to resubscribe because it would be really useful to me but currently without cashapp connected, its not worth it to even really use the app right now because of this.",,
a490d446-5a56-4913-a1b8-9fe13f554868,YNAB,3,"Used to like the app a year before, but as an EU user lost my ability to sync with my bank account after they've switched the provider and ruined the sync. They offered the manual sync, and I really tried to make it work, but it's cheaper to use Excel than Ynab if you have to enter transactions manually. Sad to see it only support US users.",,
56346745-290a-45e3-8511-c1b81ed8331b,Credit Karma,5,credit karma is amazing and it's free . The best credit app there is today,,
